{
  "ABIRoot": {
    "kind": "Root",
    "name": "TopLevel",
    "printedName": "TopLevel",
    "children": [
      {
        "kind": "Import",
        "name": "Foundation",
        "printedName": "Foundation",
        "declKind": "Import",
        "moduleName": "SPMPOCFramework",
        "declAttributes": [
          "RawDocComment"
        ]
      },
      {
        "kind": "TypeDecl",
        "name": "SPMPOCDelegate",
        "printedName": "SPMPOCDelegate",
        "children": [
          {
            "kind": "Function",
            "name": "exitSPMPOC",
            "printedName": "exitSPMPOC()",
            "children": [
              {
                "kind": "TypeNominal",
                "name": "Void",
                "printedName": "()"
              }
            ],
            "declKind": "Func",
            "usr": "s:15SPMPOCFramework14SPMPOCDelegateP10exitSPMPOCyyF",
            "mangledName": "$s15SPMPOCFramework14SPMPOCDelegateP10exitSPMPOCyyF",
            "moduleName": "SPMPOCFramework",
            "genericSig": "<τ_0_0 where τ_0_0 : SPMPOCFramework.SPMPOCDelegate>",
            "sugared_genericSig": "<Self where Self : SPMPOCFramework.SPMPOCDelegate>",
            "protocolReq": true,
            "reqNewWitnessTableEntry": true,
            "funcSelfKind": "NonMutating"
          }
        ],
        "declKind": "Protocol",
        "usr": "s:15SPMPOCFramework14SPMPOCDelegateP",
        "mangledName": "$s15SPMPOCFramework14SPMPOCDelegateP",
        "moduleName": "SPMPOCFramework",
        "genericSig": "<τ_0_0 : AnyObject>",
        "sugared_genericSig": "<Self : AnyObject>",
        "declAttributes": [
          "AccessControl"
        ]
      },
      {
        "kind": "Function",
        "name": "frameworkTestStringReturn",
        "printedName": "frameworkTestStringReturn(name:)",
        "children": [
          {
            "kind": "TypeNominal",
            "name": "String",
            "printedName": "Swift.String",
            "usr": "s:SS"
          },
          {
            "kind": "TypeNominal",
            "name": "String",
            "printedName": "Swift.String",
            "usr": "s:SS"
          }
        ],
        "declKind": "Func",
        "usr": "s:15SPMPOCFramework25frameworkTestStringReturn4nameS2S_tF",
        "mangledName": "$s15SPMPOCFramework25frameworkTestStringReturn4nameS2S_tF",
        "moduleName": "SPMPOCFramework",
        "declAttributes": [
          "AccessControl"
        ],
        "funcSelfKind": "NonMutating"
      },
      {
        "kind": "Import",
        "name": "Foundation",
        "printedName": "Foundation",
        "declKind": "Import",
        "moduleName": "SPMPOCFramework",
        "declAttributes": [
          "RawDocComment"
        ]
      },
      {
        "kind": "Import",
        "name": "UIKit",
        "printedName": "UIKit",
        "declKind": "Import",
        "moduleName": "SPMPOCFramework",
        "declAttributes": [
          "RawDocComment"
        ]
      },
      {
        "kind": "Import",
        "name": "UIKit",
        "printedName": "UIKit",
        "declKind": "Import",
        "moduleName": "SPMPOCFramework",
        "declAttributes": [
          "RawDocComment"
        ]
      },
      {
        "kind": "TypeDecl",
        "name": "SPMPOC_Launcher",
        "printedName": "SPMPOC_Launcher",
        "children": [
          {
            "kind": "Var",
            "name": "sPMPOCDelegate",
            "printedName": "sPMPOCDelegate",
            "children": [
              {
                "kind": "TypeNominal",
                "name": "WeakStorage",
                "printedName": "SPMPOCFramework.SPMPOCDelegate?"
              }
            ],
            "declKind": "Var",
            "usr": "s:15SPMPOCFramework15SPMPOC_LauncherC14sPMPOCDelegateAA14SPMPOCDelegate_pSgvp",
            "mangledName": "$s15SPMPOCFramework15SPMPOC_LauncherC14sPMPOCDelegateAA14SPMPOCDelegate_pSgvp",
            "moduleName": "SPMPOCFramework",
            "declAttributes": [
              "HasInitialValue",
              "HasStorage",
              "ReferenceOwnership",
              "AccessControl"
            ],
            "ownership": 1,
            "hasStorage": true,
            "accessors": [
              {
                "kind": "Accessor",
                "name": "Get",
                "printedName": "Get()",
                "children": [
                  {
                    "kind": "TypeNominal",
                    "name": "Optional",
                    "printedName": "SPMPOCFramework.SPMPOCDelegate?",
                    "children": [
                      {
                        "kind": "TypeNominal",
                        "name": "SPMPOCDelegate",
                        "printedName": "SPMPOCFramework.SPMPOCDelegate",
                        "usr": "s:15SPMPOCFramework14SPMPOCDelegateP"
                      }
                    ],
                    "usr": "s:Sq"
                  }
                ],
                "declKind": "Accessor",
                "usr": "s:15SPMPOCFramework15SPMPOC_LauncherC14sPMPOCDelegateAA14SPMPOCDelegate_pSgvg",
                "mangledName": "$s15SPMPOCFramework15SPMPOC_LauncherC14sPMPOCDelegateAA14SPMPOCDelegate_pSgvg",
                "moduleName": "SPMPOCFramework",
                "implicit": true,
                "accessorKind": "get"
              },
              {
                "kind": "Accessor",
                "name": "Set",
                "printedName": "Set()",
                "children": [
                  {
                    "kind": "TypeNominal",
                    "name": "Void",
                    "printedName": "()"
                  },
                  {
                    "kind": "TypeNominal",
                    "name": "Optional",
                    "printedName": "SPMPOCFramework.SPMPOCDelegate?",
                    "children": [
                      {
                        "kind": "TypeNominal",
                        "name": "SPMPOCDelegate",
                        "printedName": "SPMPOCFramework.SPMPOCDelegate",
                        "usr": "s:15SPMPOCFramework14SPMPOCDelegateP"
                      }
                    ],
                    "usr": "s:Sq"
                  }
                ],
                "declKind": "Accessor",
                "usr": "s:15SPMPOCFramework15SPMPOC_LauncherC14sPMPOCDelegateAA14SPMPOCDelegate_pSgvs",
                "mangledName": "$s15SPMPOCFramework15SPMPOC_LauncherC14sPMPOCDelegateAA14SPMPOCDelegate_pSgvs",
                "moduleName": "SPMPOCFramework",
                "implicit": true,
                "accessorKind": "set"
              },
              {
                "kind": "Accessor",
                "name": "Modify",
                "printedName": "Modify()",
                "children": [
                  {
                    "kind": "TypeNominal",
                    "name": "Void",
                    "printedName": "()"
                  }
                ],
                "declKind": "Accessor",
                "usr": "s:15SPMPOCFramework15SPMPOC_LauncherC14sPMPOCDelegateAA14SPMPOCDelegate_pSgvM",
                "mangledName": "$s15SPMPOCFramework15SPMPOC_LauncherC14sPMPOCDelegateAA14SPMPOCDelegate_pSgvM",
                "moduleName": "SPMPOCFramework",
                "implicit": true,
                "accessorKind": "_modify"
              }
            ]
          },
          {
            "kind": "Constructor",
            "name": "init",
            "printedName": "init(word:)",
            "children": [
              {
                "kind": "TypeNominal",
                "name": "SPMPOC_Launcher",
                "printedName": "SPMPOCFramework.SPMPOC_Launcher",
                "usr": "s:15SPMPOCFramework15SPMPOC_LauncherC"
              },
              {
                "kind": "TypeNominal",
                "name": "String",
                "printedName": "Swift.String",
                "usr": "s:SS"
              }
            ],
            "declKind": "Constructor",
            "usr": "s:15SPMPOCFramework15SPMPOC_LauncherC4wordACSS_tcfc",
            "mangledName": "$s15SPMPOCFramework15SPMPOC_LauncherC4wordACSS_tcfc",
            "moduleName": "SPMPOCFramework",
            "declAttributes": [
              "AccessControl"
            ],
            "init_kind": "Designated"
          },
          {
            "kind": "Function",
            "name": "presentMainViewController",
            "printedName": "presentMainViewController(on:)",
            "children": [
              {
                "kind": "TypeNominal",
                "name": "Void",
                "printedName": "()"
              },
              {
                "kind": "TypeNominal",
                "name": "UIViewController",
                "printedName": "UIKit.UIViewController",
                "usr": "c:objc(cs)UIViewController"
              }
            ],
            "declKind": "Func",
            "usr": "s:15SPMPOCFramework15SPMPOC_LauncherC25presentMainViewController2onySo06UIViewG0C_tF",
            "mangledName": "$s15SPMPOCFramework15SPMPOC_LauncherC25presentMainViewController2onySo06UIViewG0C_tF",
            "moduleName": "SPMPOCFramework",
            "declAttributes": [
              "AccessControl"
            ],
            "funcSelfKind": "NonMutating"
          }
        ],
        "declKind": "Class",
        "usr": "s:15SPMPOCFramework15SPMPOC_LauncherC",
        "mangledName": "$s15SPMPOCFramework15SPMPOC_LauncherC",
        "moduleName": "SPMPOCFramework",
        "declAttributes": [
          "AccessControl"
        ]
      }
    ],
    "json_format_version": 8
  },
  "ConstValues": [
    {
      "filePath": "\/Users\/DLundgren\/Desktop\/SWIFT\/SPMPOCFramework\/SPMPOCFramework\/SPMPOC_Misc.swift",
      "kind": "StringLiteral",
      "offset": 256,
      "length": 43,
      "value": "\"Welcome to SPMPOC string return, \""
    },
    {
      "filePath": "\/Users\/DLundgren\/Desktop\/SWIFT\/SPMPOCFramework\/SPMPOCFramework\/SPMPOC_Misc.swift",
      "kind": "StringLiteral",
      "offset": 297,
      "length": 1,
      "value": "\"!\""
    },
    {
      "filePath": "\/Users\/DLundgren\/Desktop\/SWIFT\/SPMPOCFramework\/SPMPOCFramework\/SPMPOC_VC.swift",
      "kind": "StringLiteral",
      "offset": 284,
      "length": 41,
      "value": "\"close button pressed, exiting framework\""
    },
    {
      "filePath": "\/Users\/DLundgren\/Desktop\/SWIFT\/SPMPOCFramework\/SPMPOCFramework\/SPMPOC_Launcher.swift",
      "kind": "StringLiteral",
      "offset": 328,
      "length": 11,
      "value": "\"SPMPOC_SB\""
    },
    {
      "filePath": "\/Users\/DLundgren\/Desktop\/SWIFT\/SPMPOCFramework\/SPMPOCFramework\/SPMPOC_Launcher.swift",
      "kind": "StringLiteral",
      "offset": 453,
      "length": 11,
      "value": "\"SPMPOC_VC\""
    },
    {
      "filePath": "\/Users\/DLundgren\/Desktop\/SWIFT\/SPMPOCFramework\/SPMPOCFramework\/SPMPOC_Launcher.swift",
      "kind": "BooleanLiteral",
      "offset": 800,
      "length": 4,
      "value": "true"
    }
  ]
}